unit_id	source_path	source_git_blob_sha256	source_crlf_materialization_sha256	target_path	target_sha256	status
OLP-0001	content/open-logic-about.tex	F1212D77679B9080A2CBF1BA03F9B71F0993DB10B1B28464C423652F95B5FD33	E4F2E2EC5D9957FA71DF41E9ED100641FE08230F63AF6065EAAFCB3D37346F4A	locale/fa-IR/content/open-logic-about.tex	2E400AC320BDBCCFAD6EF2A3520E0ABA53BA92D1ABCFB04F202A30CD67908DCD	ACCEPTED
OLP-0002	content/content.tex	C0399669611ED01993CEB58BEBA2458D7A7B48102089D3A521CCB4C6D4624BAA	B42CD7F4BFD4185CCDA7F834A706973A728B2126498C873671924A77B4D8F1D6	locale/fa-IR/content/content.tex	8D9F043FC6A265C43981E51DDA87594D60A33C796FB2A613DFAAE4AF7A117636	ACCEPTED
OLP-0003	content/sets-functions-relations/sets-functions-relations-complete.tex	F5EB4B8801890604B79298E46A8327F34CA3BB9ED673D798EC3436D349F22926	03E55D8EE2EC4586A5DC8B64E6FA59950C46DA3CDEE54267946015E7BBD989ED	locale/fa-IR/content/sets-functions-relations/sets-functions-relations-complete.tex	9B7FE5D8B6438191BF45FEAEC8D7D3367CEA80A412C6653065846758C326A41D	ACCEPTED
OLP-0004	content/sets-functions-relations/sets/sets.tex	98A8964A95D72AB3004DECDEF3EE74F1DD1F221DD06DFC0E6D44EFF52104F277	EEA34D38BB52811468A0025D348457A0F4D3F44AAE4B7CABB28551D6328E2785	locale/fa-IR/content/sets-functions-relations/sets/sets.tex	DF9B514CCED39A35FA88B65A53659B7207D7E899F8B48CF08066E611752850C9	ACCEPTED
OLP-0005	content/sets-functions-relations/sets/basics.tex	232FF51F51E74FCFEE836650F3C597B54BF10BA5363C648A0C05FE8222E4A865	8BC9151AF0985E6E20C374AA38CDDD1ADD7A8DFFBABCCC94B89F324F62C40F8C	locale/fa-IR/content/sets-functions-relations/sets/basics.tex	129320E9EEA66762B41C28C6970DBAC6A87D84433AEC529A18BDE8AE903F849C	ACCEPTED
OLP-0006	content/sets-functions-relations/sets/subsets.tex	63D819C246577B3BFD8BA2A933F114B58C6549BDC4FA6EA8FFA8AB07C7FED4B7	5D982F62C40325CF75DA4517ADD45CA073E23FB9463CFB3ADFB9AAFBB8582E46	locale/fa-IR/content/sets-functions-relations/sets/subsets.tex	B8755941AFB97FC801C6FF9F03B54522AE64AC4D321DF207D77C1CE85AC1B4F4	ACCEPTED
OLP-0007	content/sets-functions-relations/sets/important-sets.tex	EC2115FA48EA6C6684A65BDF2F504102CA0A74B40CF88293DFC12F4AB97ADA02	B1B998CAD3FA5AEF48670F755245F86EFE00B239D332A50E764147602405FB32	locale/fa-IR/content/sets-functions-relations/sets/important-sets.tex	CDC437750FE229D26DB7E8FD8651350549906375B0AF744B4058AF1B4EAF9F84	ACCEPTED
OLP-0008	content/sets-functions-relations/sets/unions-and-intersections.tex	E556AC6ADD69B1E6D41123EB05BE4ADB15F2DC120A3782A721CAEAB42DBC4529	2AD0EEC70308CEEFF2A4158B2DEE60E59A9B1CF9268FC95C4BB1DA05F65AD60D	locale/fa-IR/content/sets-functions-relations/sets/unions-and-intersections.tex	1015C403DB83903E04890FE7CB9B28ABF3AC2E2A4A32E652BCE62224C0A1EAD5	ACCEPTED
OLP-0009	content/sets-functions-relations/sets/pairs-and-products.tex	935F1E0E90DC783A1D5CB3298A38AA8DF49AF8B424E7282B27DC2AB4E9D85610	3DB7F0241D387B49488F70E78062C24192B813873618F761565D97BD7249431C	locale/fa-IR/content/sets-functions-relations/sets/pairs-and-products.tex	9474699C22D159D4F715B48E49B727E9BEAD8AE93F3BEBBD62C1CBD186C92BC5	ACCEPTED
OLP-0010	content/sets-functions-relations/sets/russells-paradox.tex	AA8E94675F56112D8952B81D17968545B54C33393BFC466745EDCACA30F4453A	9A76315CD0D9CF89D27E90A9B87138B1C95AEA98E0D26DE3FE12D897B8C4D10D	locale/fa-IR/content/sets-functions-relations/sets/russells-paradox.tex	040B0431DA0D24CE6CFC12BDFCBD1B0970E8FD9397A4A6FB3D8EF36B93287886	ACCEPTED
